icao_code,iata_code,name,city,country,altitude,lat_decimal,lon_decimal,id
KABI,ABI,ABILENE RGNL,ABILENE,USA,546,32.411,-99.682,3381
KABQ,ABQ,N/A,ALBUQUERQUE,USA,0,0,0,3382
KACK,ACK,NANTUCKET MEM,NANTUCKET,USA,15,41.253,-70.06,3383
KACT,ACT,WACO RGNL,WACO,USA,158,31.611,-97.23,3384
KACY,ACY,ATLANTIC CITY INTERNATIONAL,ATLANTIC CITY,USA,23,39.458,-74.577,3385
KADM,ADM,ARDMORE MUNI,ARDMORE,USA,233,34.303,-97.019,3386
KADW,ADW,ANDREWS AFB,CAMP SPRINGS,USA,86,38.811,-76.867,3387
KAEX,AEX,ALEXANDRIA INTERNATIONAL,ALEXANDRIA,USA,28,31.327,-92.548,3388
KAFB,N/A,N/A,SHEPPARD,USA,0,0,0,3389
KAGS,AGS,AUGUSTA RGNL AT BUSH FLD,BUSH FIELD,USA,44,33.37,-81.964,3390
KAKR,AKR,AKRON FULTON INTERNATIONAL,AKRON,USA,326,41.038,-81.467,3391
KALB,ALB,ALBANY INTERNATIONAL,ALBANY,USA,87,42.748,-73.803,3392
KALI,ALI,ALICE INTERNATIONAL,ALICE,USA,55,27.741,-98.027,3394
KAMA,AMA,AMARILLO INTERNATIONAL,AMARILLO,USA,1100,35.219,-101.706,3395
KANB,ANB,ANNISTON METROPOLITAN,ANNISTON,USA,187,33.588,-85.858,3396
KAND,AND,ANDERSON RGNL,ANDERSEN,USA,239,34.495,-82.709,3397
KAOO,AOO,ALTOONA BLAIR CO,ALTOONA,USA,459,40.296,-78.32,3398
KAPG,APG,PHILLIPS AAF,ABERDEEN,USA,18,39.466,-76.169,3399
KARA,ARA,ACADIANA REGIONAL,LOUISIANA,USA,8,30.038,-91.884,3400
KART,ART,WATERTOWN INTERNATIONAL,WATERTOWN,USA,100,43.992,-76.022,3401
KATL,ATL,THE WILLIAM B HARTSFIELD ATLANTA INTERNATIONAL,ATLANTA,USA,313,33.64,-84.427,3402
KAUG,AUG,AUGUSTA STATE,AUGUSTA,USA,108,44.321,-69.797,3403
KAUS,AUS,AUSTIN BERGSTROM INTERNATIONAL,AUSTIN,USA,166,30.194,-97.67,3404
KAYE,N/A,N/A,FORT DEVENS,USA,0,0,0,3405
KBAB,BAB,BEALE AFB,MARYSVILLE,USA,35,39.136,-121.436,3406
KBAD,BAD,BARKSDALE AFB,SHREVEPORT,USA,51,32.502,-93.663,3407
KBCT,BCT,BOCA RATON,BOCA RATON,USA,4,26.378,-80.107,3408
KBDE,BDE,BAUDETTE INTERNATIONAL,BAUDETTE,USA,332,48.728,-94.612,3409
KBDL,BDL,BRADLEY INTERNATIONAL,WINDSOR LOCKS,USA,53,41.939,-72.683,3410
KBDR,BDR,IGOR I SIKORSKY MEM,STRATFORD,USA,3,41.163,-73.126,3411
KBED,BED,LAURENCE G HANSCOM FLD,BEDFORD,USA,41,42.47,-71.289,3412
KBFI,BFI,BOEING FLD KING CO INTERNATIONAL,SEATTLE,USA,6,47.53,-122.302,3413
KBFL,BFL,MEADOWS FLD,BAKERSFIELD,USA,155,35.433,-119.057,3414
KBFM,BFM,MOBILE DOWNTOWN,MOBILE,USA,8,30.626,-88.068,3415
KBGR,BGR,BANGOR INTERNATIONAL,BANGOR,USA,59,44.807,-68.828,3416
KBGS,N/A,N/A,BIG SPRINGS,USA,0,0,0,3417
KBHM,BHM,BIRMINGHAM INTERNATIONAL,BIRMINGHAM,USA,197,33.563,-86.753,3418
KBIF,BIF,BIGGS AAF,EL PASO,USA,1203,31.849,-106.38,3419
KBIX,BIX,KEESLER AFB,BILOXI,USA,11,30.411,-88.924,3420
KBKF,BKF,BUCKLEY AFB,BUCKLEY,USA,1726,39.702,-104.751,3421
KBLI,BLI,BELLINGHAM INTERNATIONAL,BELLINGHAM,USA,52,48.792,-122.537,3422
KBLV,BLV,SCOTT AFB MIDAMERICA,BELLEVILLE,USA,140,38.545,-89.835,3423
KBNA,BNA,NASHVILLE INTERNATIONAL,NASHVILLE,USA,183,36.124,-86.678,3424
KBOF,N/A,N/A,WASHINGTON,USA,0,0,0,3425
KBOI,BOI,BOISE AIR TERMINAL,BOISE,USA,876,43.564,-116.223,3426
KBOS,BOS,GENERAL EDWARD LAWRENCE LOGAN INTERNATIONAL,BOSTON,USA,6,42.364,-71.005,3427
KBPT,BPT,SOUTHEAST TEXAS RGNL,BEAUMONT,USA,5,29.951,-94.021,3428
KBRO,BRO,BROWNSVILLE SOUTH PADRE ISLAND INTERNATIONAL,BROWNSVILLE,USA,7,25.907,-97.426,3429
KBSM,N/A,N/A,AUSTIN,USA,0,0,0,3430
KBTR,BTR,BATON ROUGE METRO RYAN FLD,BATON ROUGE,USA,22,30.533,-91.149,3431
KBTV,BTV,BURLINGTON INTERNATIONAL,BURLINGTON,USA,103,44.472,-73.153,3432
KBUF,BUF,BUFFALO NIAGARA INTERNATIONAL,BUFFALO,USA,221,42.94,-78.732,3433
KBUR,BUR,BURBANK GLENDALE PASADENA,BURBANK,USA,238,34.201,-118.359,3434
KBWI,BWI,BALTIMORE WASHINGTON INTERNATIONAL,BALTIMORE,USA,45,39.175,-76.668,3435
KBYH,BYH,ARKANSAS INTERNATIONAL,BLYTHEVILLE,USA,77,35.964,-89.943,3436
KBYS,BYS,BICYCLE LAKE AAF,FORT IRWIN,USA,717,35.28,-116.63,3437
KCAE,CAE,COLUMBIA METROPOLITAN,COLOMBIA,USA,72,33.939,-81.119,3438
KCAR,CAR,CARIBOU MUNI,CARIBOU,USA,191,46.871,-68.018,3439
KCBM,CBM,COLUMBUS AFB,COLOMBUS,USA,67,33.644,-88.444,3440
KCDC,CDC,CEDAR CITY RGNL,CEDAR CITY,USA,1714,37.701,-113.099,3441
KCDS,CDS,CHILDRESS MUNI,CHILDRESS,USA,596,34.434,-100.288,3442
KCEF,CEF,WESTOVER ARB METROPOLITAN,CHICOPEE FALLS,USA,75,42.198,-72.534,3443
KCEW,CEW,BOB SIKES,CRESTVIEW,USA,65,30.779,-86.522,3444
KCFD,CFD,COULTER FLD,BRYAN,USA,112,30.716,-96.331,3445
KCGJ,N/A,N/A,MCCONNELL,USA,0,0,0,3446
KCHA,CHA,LOVELL FLD,CHATTANOOGA,USA,208,35.035,-85.204,3447
KCHD,N/A,N/A,CHANDLER,USA,0,0,0,3448
KCHS,CHS,CHARLESTON AFB INTERNATIONAL,CHARLESTON,USA,14,32.899,-80.04,3449
KCIC,CIC,CHICO MUNI,CHICO,USA,73,39.795,-121.858,3450
KCLE,CLE,CLEVELAND HOPKINS INTERNATIONAL,CLEVELAND,USA,242,41.412,-81.85,3451
KCLL,CLL,EASTERWOOD FLD,COLLEGE STATION,USA,98,30.588,-96.364,3452
KCLT,CLT,CHARLOTTE DOUGLAS INTERNATIONAL,CHARLOTTE,USA,229,35.214,-80.943,3453
KCMH,CMH,PORT COLUMBUS INTERNATIONAL,COLUMBUS,USA,249,39.998,-82.892,3454
KCNM,CNM,CAVERN CITY AIR TERMINAL,CARLSBAD,USA,1005,32.337,-104.263,3455
KCNW,CNW,TSTC WACO,WACO,USA,144,31.638,-97.074,3456
KCOF,COF,PATRICK AFB,COCO BEACH,USA,3,28.235,-80.61,3457
KCOS,COS,CITY OF COLORADO SPRINGS MUNI,COLORADO SPRINGS,USA,1885,38.806,-104.7,3458
KCOT,COT,COTULLA LA SALLE CO,COTULLA,USA,146,28.458,-99.22,3459
KCOU,COU,COLUMBIA RGNL,COLUMBIA,USA,271,38.818,-92.219,3460
KCPR,CPR,NATRONA CO INTERNATIONAL,CASPER,USA,1631,42.908,-106.464,3461
KCRP,CRP,CORPUS CHRISTI INTERNATIONAL,CORPUS CHRISTI,USA,14,27.77,-97.501,3462
KCTB,CTB,CUT BANK MUNI,CUTBANK,USA,1175,48.608,-112.376,3463
KCUS,N/A,N/A,COLUMBUS,USA,0,0,0,3464
KCVG,CVG,CINCINNATI NORTHERN KENTUCKY INTERNATIONAL,CINCINNATI,USA,274,39.046,-84.662,3465
KCVS,CVS,CANNON AFB,CLOVIS,USA,1310,34.383,-103.322,3466
KCXL,CXL,CALEXICO INTERNATIONAL,CALEXICO,USA,2,32.669,-115.513,3467
KCXO,CXO,MONTGOMERY CO,CONROE,USA,75,30.352,-95.414,3468
KCYS,CYS,CHEYENNE,CHEYENNE,USA,1877,41.156,-104.812,3469
KDAL,DAL,DALLAS LOVE FLD,DALLAS,USA,149,32.847,-96.852,3470
KDAY,DAY,JAMES M COX DAYTON INTERNATIONAL,DAYTON,USA,308,39.902,-84.219,3471
KDCA,DCA,RONALD REAGAN WASHINGTON NATIONAL,WASHINGTON,USA,5,38.852,-77.037,3472
KDCG,N/A,N/A,SAN DIEGO,USA,0,0,0,3473
KDDA,N/A,N/A,FORT BELVOIR,USA,0,0,0,3474
KDEN,DEN,DENVER INTERNATIONAL,DENVER,USA,1656,39.858,-104.667,3475
KDET,DET,DETROIT CITY,DETROIT,USA,191,42.409,-83.01,3476
KDFW,DFW,DALLAS FORT WORTH INTERNATIONAL,DALLAS-FORT WORTH,USA,184,32.896,-97.037,3477
KDHN,DHN,DOTHAN RGNL,DOTHAN,USA,123,31.321,-85.449,3478
KDHT,DHT,DALHART MUNI,DALHART,USA,1217,36.023,-102.547,3479
KDLF,DLF,LAUGHLIN AFB,DEL RIO,USA,330,29.359,-100.778,3480
KDLH,DLH,DULUTH INTERNATIONAL,DULUTH,USA,436,46.842,-92.194,3481
KDMA,DMA,DAVIS MONTHAN AFB,TUCSON,USA,825,32.166,-110.883,3482
KDMF,N/A,N/A,DANNELLY,USA,0,0,0,3483
KDOV,DOV,DOVER AFB,DOVER,USA,10,39.13,-75.466,3484
KDPA,DPA,DU PAGE,WEST CHICAGO,USA,232,41.908,-88.249,3485
KDRI,DRI,BEAUREGARD PARISH,DERIDDER,USA,63,30.832,-93.34,3486
KDRO,DRO,DURANGO LA PLATA CO,DURANGO,USA,2038,37.151,-107.754,3487
KDRT,DRT,DEL RIO INTERNATIONAL,DEL RIO,USA,305,29.373,-100.926,3488
KDSM,DSM,DES MOINES INTERNATIONAL,DES MOINES,USA,292,41.534,-93.663,3489
KDTW,DTW,DETROIT METRO WAYNE CO,DETROIT,USA,197,42.212,-83.353,3490
KDUG,DUG,BISBEE DOUGLAS INTERNATIONAL,DOUGLAS,USA,1267,31.469,-109.604,3491
KDYS,DYS,DYESS AFB,ABILENE,USA,546,32.421,-99.854,3492
KECG,ECG,ELIZABETH CITY CGAS RGNL,ELIZABETH CITY,USA,4,36.261,-76.174,3493
KEDW,EDW,EDWARDS AFB,EDWARDS AFB,USA,702,34.905,-117.884,3494
KEFD,EFD,ELLINGTON FLD,HOUSTON,USA,10,29.607,-95.159,3495
KEGP,EGP,EAGLE PASS MUNI,EAGLE PASS,USA,246,28.7,-100.479,3496
KEKN,EKN,ELKINS RANDOLPH CO JENNINGS RANDOLPH,ELKINS,USA,606,38.889,-79.857,3497
KELD,ELD,SOUTH ARKANSAS RGNL AT GOODWIN FLD,EL DORADO,USA,85,33.221,-92.813,3498
KELP,ELP,EL PASO INTERNATIONAL,EL PASO,USA,1207,31.807,-106.378,3499
KEND,END,VANCE AFB,ENID,USA,399,36.34,-97.916,3500
KENV,ENV,WENDOVER,WENDOVER,USA,1291,40.719,-114.031,3501
KESF,ESF,ESLER RGNL,ALEXANDRIA,USA,35,31.395,-92.296,3502
KEWN,EWN,CRAVEN CO RGNL,NEW BERN,USA,6,35.073,-77.043,3503
KHRT,HRT,HURLBURT FLD,MARY ESTHER,USA,12,30.428,-86.689,3566
KEWR,EWR,NEWARK LIBERTY INTERNATIONAL,NEWARK,USA,6,40.692,-74.169,3504
KEYW,EYW,KEY WEST INTERNATIONAL,KEY WEST,USA,1,24.556,-81.759,3505
KFAF,FAF,FELKER AAF,FORT EUSTIS,USA,4,37.133,-76.609,3506
KFAT,FAT,FRESNO YOSEMITE INTERNATIONAL,FRESNO,USA,103,36.776,-119.718,3507
KFCS,FCS,BUTTS AAF,FORT CARSON,USA,1780,38.678,-104.756,3508
KFFO,FFO,WRIGHT PATTERSON AFB,DAYTON,USA,251,39.826,-84.048,3509
KFHU,FHU,SIERRA VISTA MUNI LIBBY AAF,FORT HUACHUCA,USA,1439,31.588,-110.344,3510
KFLL,FLL,FORT LAUDERDALE HOLLYWOOD INTERNATIONAL,FORT LAUDERDALE,USA,3,26.072,-80.153,3511
KFLO,FLO,FLORENCE RGNL,FLORENCE,USA,45,34.185,-79.724,3512
KFLV,FLV,SHERMAN AAF,FORT LEAVENWORTH,USA,236,39.368,-94.914,3513
KFME,N/A,TIPTON,FORT MEADE,USA,46,39.085,-76.759,3514
KFMH,FMH,OTIS ANGB,FALMOUTH,USA,40,41.658,-70.521,3515
KFMN,FMN,FOUR CORNERS RGNL,FARMINGTON,USA,1679,36.741,-108.23,3516
KFMY,FMY,PAGE FLD,FORT MYERS,USA,6,26.586,-81.863,3517
KFOD,FOD,FORT DODGE RGNL,FORT DODGE,USA,353,42.551,-94.193,3518
KFOE,FOE,FORBES FLD,TOPEKA,USA,329,38.951,-95.664,3519
KFOK,FOK,THE FRANCIS S GABRESKI,WEST HAMPTON BEACH,USA,21,40.844,-72.632,3520
KFRI,FRI,MARSHALL AAF,FORT RILEY,USA,325,39.055,-96.764,3521
KFSI,FSI,HENRY POST AAF,FORT SILL,USA,363,34.65,-98.402,3522
KFSM,FSM,FORT SMITH RGNL,FORT SMITH,USA,143,35.336,-94.367,3523
KFTK,FTK,GODMAN AAF,FORT KNOX,USA,231,37.907,-85.972,3524
KFTW,FTW,FORT WORTH MEACHAM INTERNATIONAL,FORT WORTH,USA,217,32.82,-97.362,3525
KFWH,N/A,N/A,FORT WORTH,USA,0,0,0,3526
KFXE,FXE,FORT LAUDERDALE EXECUTIVE,FORT LAUDERDALE,USA,5,26.197,-80.171,3527
KFYV,FYV,DRAKE FLD,FAYETTEVILLE,USA,382,36.005,-94.17,3528
KGAG,GAG,GAGE,GAGE,USA,678,36.295,-99.776,3529
KGCK,GCK,GARDEN CITY RGNL,GARDEN CITY,USA,881,37.927,-100.724,3530
KGEG,GEG,SPOKANE INTERNATIONAL,SPOKANE,USA,723,47.62,-117.534,3531
KGFA,N/A,N/A,GREAT FALLS,USA,0,0,0,3532
KGFK,GFK,GRAND FORKS INTERNATIONAL,GRAND FORKS,USA,258,47.949,-97.176,3533
KGGG,GGG,EAST TEXAS RGNL,LONGVIEW,USA,112,32.385,-94.711,3534
KGLS,GLS,SCHOLES INTERNATIONAL AT GALVESTON,GALVESTON,USA,2,29.265,-94.86,3535
KGNT,GNT,GRANTS MILAN MUNI,GRANTS,USA,1988,35.165,-107.901,3536
KGNV,GNV,GAINESVILLE RGNL,GAINESVILLE,USA,47,29.69,-82.272,3537
KGRB,GRB,AUSTIN STRAUBEL INTERNATIONAL,GREEN BAY,USA,212,44.485,-88.129,3538
KGRF,GRF,GRAY AAF,FORT LEWIS,USA,93,47.079,-122.581,3539
KGRK,GRK,ROBERT GRAY AAF,KILLEEN,USA,311,31.067,-97.829,3540
KGRR,GRR,GERALD R FORD INTERNATIONAL,GRAND RAPIDS,USA,242,42.881,-85.523,3541
KGSB,GSB,SEYMOUR JOHNSON AFB,GOLDSBORO,USA,34,35.339,-77.961,3542
KGTB,GTB,WHEELER SACK AAF,FORT DRUM,USA,211,44.056,-75.719,3543
KGTF,GTF,GREAT FALLS INTERNATIONAL,GREAT FALLS,USA,1121,47.482,-111.371,3544
KGUS,GUS,GRISSOM ARB,PERU,USA,248,40.648,-86.152,3545
KGVT,GVT,MAJORS,GREENVILE,USA,164,33.068,-96.065,3546
KGVW,GVW,RICHARDS GEBAUR MEMORIAL,GRANDVIEW,USA,333,38.843,-94.561,3547
KGWO,GWO,GREENWOOD LEFLORE,GREENWOOD,USA,50,33.494,-90.084,3548
KHAR,HAR,N/A,HARRISBURG,USA,0,0,0,3549
KHBR,HBR,HOBART MUNI,HOBART,USA,477,34.991,-99.051,3550
KHFD,HFD,HARTFORD BRAINARD,HARTFORD,USA,6,41.736,-72.65,3551
KHHR,HHR,JACK NORTHROP FLD HAWTHORNE MUNI,HAWTHORNE,USA,21,33.923,-118.335,3552
KHIB,HIB,CHISHOLM HIBBING,HIBBING,USA,413,47.386,-92.839,3553
KHIF,HIF,HILL AFB,OGDEN,USA,1460,41.124,-111.973,3554
KHKY,HKY,HICKORY RGNL,HICKORY,USA,363,35.741,-81.389,3555
KHLN,HLN,HELENA RGNL,HELENA,USA,1182,46.607,-111.983,3556
KHLR,HLR,HOOD AAF,FORT HOOD,USA,282,31.139,-97.714,3557
KHMN,HMN,HOLLOMAN AFB,ALAMOGORDO,USA,1248,32.852,-106.106,3558
KHOB,HOB,LEA CO RGNL,HOBBS,USA,1116,32.688,-103.217,3559
KHON,HON,HURON RGNL,HURON,USA,393,44.385,-98.228,3560
KHOP,HOP,CAMPBELL AAF,HOPKINSVILLE,USA,175,36.668,-87.496,3561
KHOU,HOU,WILLIAM P HOBBY,HOUSTON,USA,15,29.645,-95.279,3562
KHPN,HPN,WESTCHESTER CO,WHITE PLAINS,USA,134,41.067,-73.707,3563
KHRL,HRL,VALLEY INTERNATIONAL,HARLINGEN,USA,11,26.228,-97.654,3564
KHRO,HRO,BOONE CO,HARRISON,USA,417,36.261,-93.155,3565
KHST,HST,HOMESTEAD ARB,HOMESTEAD,USA,3,25.488,-80.384,3567
KHTB,N/A,N/A,CHARLESTON,USA,0,0,0,3568
KHTL,HTL,ROSCOMMON CO,HOUGHTON LAKE,USA,351,44.36,-84.671,3569
KHUA,HUA,REDSTONE AAF,REDSTONE,USA,209,34.679,-86.685,3570
KHUF,HUF,TERRE HAUTE INTERNATIONAL HULMAN FLD,TERRE HAUTE,USA,180,39.451,-87.307,3571
KHUL,HUL,HOULTON INTERNATIONAL,HOULTON,USA,150,46.123,-67.792,3572
KHVR,HVR,HAVRE CITY CO,HAVRE,USA,790,48.543,-109.762,3573
KHWO,HWO,NORTH PERRY,HOLLYWOOD,USA,3,26.001,-80.24,3574
KIAB,IAB,MC CONNELL AFB,WICHITA,USA,418,37.623,-97.267,3575
KIAD,IAD,WASHINGTON DULLES INTERNATIONAL,WASHINGTON,USA,96,38.944,-77.456,3576
KIAG,IAG,NIAGARA FALLS INTERNATIONAL,NIAGARA FALLS,USA,180,43.107,-78.946,3577
KIAH,IAH,GEORGE BUSH INTCNTL HOUSTON,HOUSTON,USA,30,29.98,-95.34,3578
KICT,ICT,WICHITA MID CONTINENT,WICHITA,USA,407,37.65,-97.433,3579
KIKK,IKK,GREATER KANKAKEE,KANKAKEE,USA,193,41.071,-87.846,3580
KIKR,ABQ,ALBUQUERQUE INTERNATIONAL SUNPORT,KIRTLAND A.F.B.,USA,1633,35.04,-106.609,3581
KILG,ILG,NEW CASTLE CO,WILMINGTON,USA,25,39.679,-75.606,3582
KILM,ILM,WILMINGTON INTERNATIONAL,WILMINGTON,USA,10,34.271,-77.903,3583
KIND,IND,INDIANAPOLIS INTERNATIONAL,INDIANAPOLIS,USA,243,39.717,-86.294,3584
KINJ,N/A,N/A,SANTA ANA,USA,0,0,0,3585
KINK,INK,WINKLER CO,WINK,USA,860,31.779,-103.201,3586
KINL,INL,FALLS INTERNATIONAL,INTERNATIONAL FALLS,USA,362,48.566,-93.403,3587
KINS,INS,INDIAN SPRINGS AF AUX,INDIAN SPRINGS,USA,955,36.587,-115.673,3588
KINT,INT,SMITH REYNOLDS,WINSTON-SALEM,USA,296,36.134,-80.222,3589
KIPL,IPL,IMPERIAL CO,IMPERIAL,USA,-17,32.834,-115.579,3590
KIPT,IPT,WILLIAMSPORT RGNL,WILLIAMSPORT,USA,162,41.242,-76.921,3591
KISN,ISN,SLOULIN FLD INTERNATIONAL,WILLISTON,USA,605,48.178,-103.642,3592
KISP,ISP,LONG ISLAND MAC ARTHUR,ISLIP,USA,31,40.795,-73.1,3593
KJAN,JAN,JACKSON INTERNATIONAL,JACKSON,USA,106,32.311,-90.076,3594
KJAX,JAX,JACKSONVILLE INTERNATIONAL,JACKSONVILLE,USA,10,30.494,-81.688,3595
KJBR,JBR,JONESBORO MUNI,JONESBORO,USA,80,35.832,-90.646,3596
KJFK,JFK,JOHN F KENNEDY INTERNATIONAL,NEW YORK,USA,4,40.64,-73.779,3597
KJNT,N/A,N/A,HEMPSTED,USA,0,0,0,3598
KJYD,N/A,N/A,MERIDIAN,USA,0,0,0,3599
KLAN,LAN,CAPITAL CITY,LANSING,USA,263,42.779,-84.587,3600
KLAS,LAS,MC CARRAN INTERNATIONAL,LAS VEGAS,USA,665,36.08,-115.152,3601
KLAX,LAX,LOS ANGELES INTERNATIONAL,LOS ANGELES,USA,39,33.942,-118.408,3602
KLBB,LBB,LUBBOCK INTERNATIONAL,LUBBOCK,USA,1001,33.664,-101.823,3603
KLCH,LCH,LAKE CHARLES RGNL,LAKE CHARLES,USA,5,30.126,-93.223,3604
KLCK,LCK,RICKENBACKER INTERNATIONAL,COLUMBUS,USA,227,39.814,-82.928,3605
KLFI,LFI,LANGLEY AFB,HAMPTON,USA,4,37.083,-76.36,3606
KLFK,LFK,ANGELINA CO,LUFKIN,USA,91,31.234,-94.75,3607
KLFT,LFT,LAFAYETTE RGNL,LAFAYETTE,USA,13,30.205,-91.987,3608
KLGA,LGA,LA GUARDIA,NEW YORK,USA,7,40.777,-73.872,3609
KLGB,LGB,LONG BEACH,LONG BEACH,USA,19,33.818,-118.151,3610
KLHW,LHW,WRIGHT AAF,WRIGHT,USA,15,31.889,-81.562,3611
KLIT,LIT,ADAMS FLD,LITTLE ROCK,USA,80,34.729,-92.224,3612
KLIZ,N/A,N/A,LIMESTONE,USA,0,0,0,3613
KLNA,LNA,PALM BEACH CO PARK,WEST PALM BEACH,USA,5,26.593,-80.085,3614
KLNK,LNK,LINCOLN MUNI,LINCOLN,USA,372,40.851,-96.759,3615
KLOU,LOU,BOWMAN FLD,LOUISVILLE,USA,167,38.228,-85.664,3616
KLRD,LRD,LAREDO INTERNATIONAL,LAREDO,USA,155,27.544,-99.461,3617
KLRF,LRF,LITTLE ROCK AFB,JACKSONVILLE,USA,95,34.918,-92.146,3618
KLSF,LSF,LAWSON AAF,FORT BENNING,USA,71,32.337,-84.991,3619
KLSV,LSV,NELLIS AFB,LAS VEGAS,USA,570,36.236,-115.034,3620
KLTS,LTS,ALTUS AFB,ALTUS,USA,422,34.667,-99.267,3621
KLUF,LUF,LUKE AFB,PHOENIX,USA,331,33.535,-112.383,3622
KLUK,LUK,CINCINNATI MUNI LUNKEN FLD,CINCINNATI,USA,148,39.103,-84.419,3623
KMAF,MAF,MIDLAND INTERNATIONAL,MIDLAND,USA,876,31.942,-102.202,3624
KMCC,MCC,MC CLELLAN AFLD,SACRAMENTO,USA,23,38.667,-121.401,3625
KMCF,MCF,MACDILL AFB,TAMPA,USA,5,27.849,-82.521,3626
KMCI,MCI,KANSAS CITY INTERNATIONAL,KANSAS CITY,USA,313,39.297,-94.714,3627
KMCN,MCN,MIDDLE GEORGIA RGNL,MACON,USA,108,32.693,-83.649,3628
KMCO,MCO,ORLANDO INTERNATIONAL,ORLANDO,USA,30,28.429,-81.316,3629
KMDT,MDT,HARRISBURG INTERNATIONAL,HARRISBURG,USA,95,40.193,-76.763,3630
KMDW,MDW,CHICAGO MIDWAY INTERNATIONAL,CHICAGO,USA,189,41.786,-87.752,3631
KMEM,MEM,MEMPHIS INTERNATIONAL,MEMPHIS,USA,104,35.042,-89.977,3632
KMER,MER,CASTLE,MERCED,USA,58,37.38,-120.568,3633
KMFE,MFE,MC ALLEN MILLER INTERNATIONAL,MCALLEN,USA,33,26.176,-98.239,3634
KMGE,MGE,DOBBINS ARB,MARIETTA,USA,326,33.915,-84.516,3635
KMHR,MHR,SACRAMENTO MATHER,SACRAMENTO,USA,30,38.554,-121.297,3636
KMIA,MIA,MIAMI INTERNATIONAL,MIAMI,USA,3,25.793,-80.291,3637
KMIB,MIB,MINOT AFB,MINOT,USA,509,48.416,-101.357,3638
KMIV,MIV,MILLVILLE MUNI,MILLVILLE,USA,26,39.368,-75.072,3639
KMKE,MKE,GENERAL MITCHELL INTERNATIONAL,MILWAUKEE,USA,221,42.947,-87.896,3640
KMKL,MKL,MC KELLAR SIPES RGNL,JACKSON,USA,133,35.6,-88.916,3641
KMKO,MKO,DAVIS FLD,MUSKOGEE,USA,186,35.657,-95.361,3642
KMLB,MLB,MELBOURNE INTERNATIONAL,MELBOURNE,USA,11,28.103,-80.645,3643
KMLC,MLC,MC ALESTER RGNL,MCALESTER,USA,235,34.882,-95.783,3644
KMLT,MLT,MILLINOCKET MUNI,MILLINOCKET,USA,125,45.648,-68.686,3645
KMLU,MLU,MONROE RGNL,MONROE,USA,25,32.511,-92.037,3646
KMMV,MMV,MC MINNVILLE MUNI,MACKMINNVILLE,USA,50,45.194,-123.136,3647
KMNM,MNM,MENOMINEE MARINETTE TWIN CO,MACON,USA,191,45.126,-87.638,3648
KMOB,MOB,MOBILE RGNL,MOBILE,USA,67,30.691,-88.243,3649
KMOD,MOD,MODESTO CITY CO HARRY SHAM,MODESTO,USA,30,37.626,-120.954,3650
KMOT,MOT,MINOT INTERNATIONAL,MINOT,USA,519,48.259,-101.28,3651
KMPV,MPV,EDWARD F KNAPP STATE,MONTPELIER,USA,356,44.203,-72.562,3652
KMQT,MQT,SAWYER INTERNATIONAL,MARQUETTE,USA,433,46.534,-87.562,3653
KMSN,MSN,DANE CO RGNL TRUAX FLD,MADISON,USA,271,43.14,-89.337,3654
KMSP,MSP,MINNEAPOLIS ST PAUL INTERNATIONAL,MINNEAPOLIS,USA,257,44.88,-93.217,3655
KMSS,MSS,MASSENA INTERNATIONAL RICHARDS FLD,MASSENA,USA,66,44.936,-74.845,3656
KMSY,MSY,LOUIS ARMSTRONG NEW ORLEANS INTERNATIONAL,NEW ORLEANS,USA,2,29.993,-90.258,3657
KMTC,MTC,SELFRIDGE ANGB,MOUNT CLEMENS,USA,177,42.613,-82.832,3658
KMUI,MUI,MUIR AAF,MUIR,USA,150,40.435,-76.569,3659
KMUO,MUO,MOUNTAIN HOME AFB,MOUNTAIN HOME,USA,914,43.043,-115.872,3660
KMWH,MWH,GRANT CO INTERNATIONAL,GRANT COUNTY AIRPORT,USA,362,47.208,-119.32,3661
KMWL,MWL,MINERAL WELLS,MINERAL WELLS,USA,297,32.781,-98.06,3662
KMXF,MXF,MAXWELL AFB,MONTGOMERY,USA,53,32.379,-86.362,3663
KMYR,MYR,MYRTLE BEACH INTERNATIONAL,MYRTLE BEACH,USA,8,33.68,-78.928,3664
KNAB,ABY,N/A,ALBANY,USA,0,0,0,3665
KNBC,NBC,BEAUFORT MCAS,BEAUFORT,USA,11,32.477,-80.723,3666
KNBG,NBG,NEW ORLEANS NAS JRB,NEW ORLEANS,USA,1,29.825,-90.035,3667
KNBM,N/A,N/A,MAYPORT,USA,0,0,0,3668
KNBU,N/A,N/A,GLENVIEW,USA,0,0,0,3669
KNCA,NCA,NEW RIVER MCAS,JACKSONVILLE,USA,8,34.708,-77.439,3670
KNCO,N/A,N/A,QUONSET POINT,USA,0,0,0,3671
KNEA,BQK,N/A,BRUNSWICK,USA,0,0,0,3672
KNEL,NEL,LAKEHURST NAES,LAKEHURST,USA,32,40.033,-74.353,3673
KNFF,N/A,N/A,JACKSONVILLE,USA,0,0,0,3674
KNFL,NFL,FALLON NAS,FALLON,USA,1200,39.416,-118.701,3675
KNGU,NGU,NORFOLK NS,NORFOLK,USA,5,36.938,-76.289,3676
KNGZ,N/A,N/A,ALAMEDA,USA,0,0,0,3677
KNHK,NHK,PATUXENT RIVER NAS,PATUXENT RIVER,USA,12,38.286,-76.412,3678
KNID,NID,CHINA LAKE NAWS,CHINA,USA,696,35.688,-117.691,3679
KNIP,NIP,JACKSONVILLE NAS,JACKSONVILLE,USA,7,30.236,-81.681,3680
KNIR,N/A,N/A,BEEVILLE,USA,0,0,0,3681
KNJK,NJK,EL CENTRO NAF,EL CENTRO,USA,-13,32.829,-115.672,3682
KNKT,NKT,CHERRY POINT MCAS,CHERRY POINT,USA,9,34.902,-76.881,3683
KNKX,NKX,MIRAMAR MCAS,MIRAMAR,USA,146,32.868,-117.143,3684
KNLC,NLC,LEMOORE NAS,LEMOORE,USA,72,36.333,-119.952,3685
KNMH,N/A,N/A,WASHINGTON,USA,0,0,0,3686
KNMM,NMM,MERIDIAN NAS,MERIDIAN,USA,97,32.552,-88.556,3687
KNOW,NOW,PORT ANGELES CGAS,PORT ANGELES,USA,4,48.141,-123.414,3688
KNPA,NPA,PENSACOLA NAS,PENSACOLA,USA,9,30.353,-87.319,3689
KNQA,NQA,MILLINGTON MUNI,MILLINGTON,USA,98,35.357,-89.87,3690
KNQI,NQI,KINGSVILLE NAS,KINGSVILLE,USA,16,27.507,-97.81,3691
KNQX,NQX,KEY WEST NAS,KEY WEST,USA,2,24.576,-81.689,3692
KNRJ,SFB,N/A,SANFORD,USA,0,0,0,3693
KNSE,NSE,WHITING FLD NAS NORTH,MILTON,USA,61,30.724,-87.022,3694
KNSI,N/A,N/A,SAN NICOLAS ISLAND,USA,0,0,0,3695
KNTD,NTD,POINT MUGU NAS,POINT MUGU,USA,4,34.12,-119.121,3696
KNTK,NTK,TUSTIN MCAF,TUSTIN,USA,17,33.706,-117.827,3697
KNTU,NTU,OCEANA NAS,OCEANA,USA,7,36.821,-76.033,3698
KNUQ,NUQ,MOFFETT FEDERAL AFLD,MOUNTAIN VIEW,USA,10,37.415,-122.048,3699
KNUW,NUW,WHIDBEY ISLAND NAS,WHIDBEY ISLAND,USA,15,48.352,-122.656,3700
KNVF,N/A,N/A,VIRGINIA BEACH,USA,0,0,0,3701
KNXP,NXP,TWENTYNINE PALMS EAF,TWENTY NINE PALMS,USA,623,34.296,-116.162,3702
KNXX,NXX,WILLOW GROVE NAS JRB,WILLOW GROVE,USA,111,40.2,-75.148,3703
KNYG,NYG,QUANTICO MCAF,QUANTICO,USA,4,38.502,-77.305,3704
KNZC,NZC,CECIL FLD,JACKSONVILLE,USA,25,30.219,-81.876,3705
KNZW,N/A,N/A,SOUTH WEYMOUTH,USA,0,0,0,3706
KNZY,NZY,NORTH ISLAND NAS,SAN DIEGO,USA,8,32.699,-117.215,3707
KOAK,OAK,METROPOLITAN OAKLAND INTERNATIONAL,OAKLAND,USA,2,37.721,-122.221,3708
KOAR,N/A,N/A,FORT ORD,USA,0,0,0,3709
KOFF,OFF,OFFUTT AFB,OMAHA,USA,321,41.118,-95.913,3710
KOGS,OGS,OGDENSBURG INTERNATIONAL,OGDENSBURG,USA,91,44.682,-75.466,3711
KOKC,OKC,WILL ROGERS WORLD,OKLAHOMA CITY,USA,395,35.393,-97.601,3712
KOLS,OLS,NOGALES INTERNATIONAL,NOGALES,USA,1206,31.418,-110.848,3713
KOMA,OMA,EPPLEY AFLD,OMAHA,USA,300,41.302,-95.894,3714
KONT,ONT,ONTARIO INTERNATIONAL,ONTARIO,USA,288,34.056,-117.601,3715
KOPF,OPF,OPA LOCKA,MIAMI,USA,3,25.907,-80.278,3716
KORD,ORD,CHICAGO OHARE INTERNATIONAL,CHICAGO,USA,204,41.979,-87.904,3717
KORF,ORF,NORFOLK INTERNATIONAL,NORFOLK,USA,8,36.894,-76.201,3718
KORL,ORL,EXECUTIVE,ORLANDO,USA,35,28.545,-81.333,3719
KOSC,N/A,OSCODA WURTSMITH,OSCODA,USA,194,44.451,-83.394,3720
KPAE,PAE,SNOHOMISH CO,EVERETT,USA,185,47.906,-122.281,3721
KPAM,PAM,TYNDALL AFB,PANAMA CITY,USA,6,30.07,-85.576,3722
KPBF,PBF,GRIDER FLD,PINE BLUFF,USA,63,34.175,-91.934,3723
KPBG,PBG,PLATTSBURGH INTERNATIONAL,PLATTSBURGH,USA,72,44.651,-73.468,3724
KPBI,PBI,PALM BEACH INTERNATIONAL,WEST PALM BEACH,USA,6,26.683,-80.096,3725
KPDX,PDX,PORTLAND INTERNATIONAL,PORTLAND,USA,10,45.589,-122.597,3726
KPHF,PHF,NEWPORT NEWS WILLIAMSBURG INTERNATIONAL,NEWPORT NEWS,USA,14,37.132,-76.493,3727
KPHL,PHL,PHILADELPHIA INTERNATIONAL,PHILADELPHIA,USA,12,39.872,-75.241,3728
KPHN,PHN,ST CLAIR CO INTERNATIONAL,PORT HURON,USA,199,42.911,-82.529,3729
KPHX,PHX,PHOENIX SKY HARBOR INTERNATIONAL,PHOENIX,USA,346,33.434,-112.008,3730
KPIE,PIE,ST PETERSBURG CLEARWATER INTERNATIONAL,ST. PETERSBURG,USA,4,27.911,-82.687,3731
KPIT,PIT,PITTSBURGH INTERNATIONAL,PITTSBURGH (PENNSYLVA),USA,367,40.491,-80.233,3732
KPMB,N/A,PEMBINA MUNI,PEMBINA,USA,243,48.942,-97.241,3733
KPMD,PMD,PALMDALE PROD FLT TEST INSTL AF PLT 42,PALMDALE,USA,776,34.629,-118.084,3734
KPNC,PNC,PONCA CITY MUNI,PONCA CITY,USA,307,36.731,-97.1,3735
KPNE,PNE,NORTHEAST PHILADELPHIA,PHILADELPHIA,USA,37,40.082,-75.011,3736
KPNM,PNM,PRINCETON MUNI,PRINCETON,USA,299,45.56,-93.608,3737
KPNS,PNS,PENSACOLA RGNL,PENSACOLA,USA,37,30.473,-87.187,3738
KPOB,POB,POPE AFB,FAYETTEVILLE,USA,67,35.171,-79.014,3739
KPOE,POE,POLK AAF,FORT POLK,USA,101,31.045,-93.191,3740
KPQI,PQI,NORTHERN MAINE RGNL AT PRESQUE ISLE,PRESQUE ISLE,USA,163,46.689,-68.045,3741
KPRC,PRC,ERNEST A LOVE FLD,PRESCOTT,USA,1538,34.654,-112.419,3742
KPSP,PSP,PALM SPRINGS INTERNATIONAL,PALM SPRINGS,USA,145,33.829,-116.507,3743
KPSX,PSX,PALACIOS MUNI,PALACIOS,USA,5,28.727,-96.251,3744
KPUB,PUB,PUEBLO MEM,PUEBLO MEMORIAL,USA,1441,38.289,-104.496,3745
KPVD,PVD,THEODORE FRANCIS GREEN STATE,PROVIDENCE,USA,17,41.724,-71.428,3746
KPWM,PWM,PORTLAND INTERNATIONAL JETPORT,PORTLAND,USA,23,43.646,-70.309,3747
KRAL,RAL,RIVERSIDE MUNI,RIVERSIDE,USA,250,33.952,-117.445,3748
KRBM,RBM,ROBINSON AAF,ROBINSON,USA,179,34.85,-92.3,3749
KRCA,RCA,ELLSWORTH AFB,RAPID CITY,USA,1000,44.145,-103.103,3750
KRDR,RDR,GRAND FORKS AFB,RED RIVER,USA,278,47.961,-97.401,3751
KRDU,RDU,RALEIGH DURHAM INTERNATIONAL,RALEIGH-DURHAM,USA,133,35.877,-78.787,3752
KREE,N/A,N/A,LUBBOCK,USA,0,0,0,3753
KRIC,RIC,RICHMOND INTERNATIONAL,RICHMOND,USA,51,37.505,-77.319,3754
KRIU,RIU,RANCHO MURIETA,RANCHO MURIETA,USA,43,38.489,-121.102,3755
KRIV,RIV,MARCH ARB,RIVERSIDE,USA,468,33.881,-117.259,3756
KRME,RME,GRIFFISS AIRPARK,ROME,USA,154,43.234,-75.407,3757
KRND,RND,RANDOLPH AFB,SAN ANTONIO,USA,233,29.529,-98.279,3758
KRNO,RNO,RENO TAHOE INTERNATIONAL,RENO,USA,1345,39.498,-119.768,3759
KROC,ROC,GREATER ROCHESTER INTERNATIONAL,ROCHESTER,USA,171,43.119,-77.672,3760
KROW,ROW,ROSWELL INDUSTRIAL AIR CENTER,ROSWELL,USA,1119,33.301,-104.531,3761
KRSW,RSW,SOUTHWEST FLORIDA INTERNATIONAL,FORT MYERS,USA,10,26.536,-81.755,3762
KSAC,SAC,SACRAMENTO EXECUTIVE,SACRAMENTO,USA,8,38.513,-121.493,3763
KSAF,SAF,SANTA FE MUNI,SANTA FE,USA,1935,35.617,-106.088,3764
KSAN,SAN,SAN DIEGO INTERNATIONAL LINDBERGH FLD,SAN DIEGO,USA,5,32.733,-117.189,3765
KSAT,SAT,SAN ANTONIO INTERNATIONAL,SAN ANTONIO,USA,247,29.534,-98.47,3766
KSAV,SAV,SAVANNAH HILTON HEAD INTERNATIONAL,SAVANNAH,USA,16,32.127,-81.202,3767
KSAW,N/A,SAWYER INTERNATIONAL,GWINN,USA,373,46.354,-87.396,3768
KSBO,SBO,EMANUEL CO,SANTA BARBARA,USA,100,32.608,-82.369,3769
KSBY,SBY,SALISBURY OCEAN CITY WICOMICO RGNL,SALISBURY,USA,16,38.34,-75.51,3770
KSCI,N/A,N/A,SAN CLEMENTE,USA,0,0,0,3771
KSCK,SCK,STOCKTON METROPOLITAN,STOCKTON,USA,10,37.894,-121.239,3772
KSEA,SEA,SEATTLE TACOMA INTERNATIONAL,SEATTLE,USA,131,47.449,-122.309,3773
KSEM,SEM,CRAIG FLD,SELMA,USA,51,32.344,-86.988,3774
KSES,N/A,N/A,SELMA,USA,0,0,0,3775
KSFF,SFF,FELTS FLD,SPOKANE,USA,596,47.683,-117.322,3776
KSFO,SFO,SAN FRANCISCO INTERNATIONAL,SAN FRANCISCO,USA,4,37.619,-122.375,3777
KSFS,N/A,N/A,SAN FRANCISCO,USA,0,0,0,3778
KSFZ,SFZ,NORTH CENTRAL STATE,SMITHFIELD,USA,135,41.921,-71.491,3779
KSHV,SHV,SHREVEPORT RGNL,SHREVEPORT,USA,79,32.446,-93.826,3780
KSJC,SJC,NORMAN Y MINETA SAN JOSE INTERNATIONAL,SAN JOSE,USA,18,37.362,-121.929,3781
KSJT,SJT,SAN ANGELO RGNL MATHIS FLD,SAN ANGELO,USA,585,31.358,-100.496,3782
KSKA,SKA,FAIRCHILD AFB,SPOKANE,USA,751,47.615,-117.656,3783
KSKF,SKF,LACKLAND AFB KELLY FLD ANNEX,SAN ANTONIO,USA,211,29.384,-98.581,3784
KSKY,SKY,GRIFFING SANDUSKY,SANDUSKY,USA,177,41.433,-82.652,3785
KSLC,SLC,SALT LAKE CITY INTERNATIONAL,SALT LAKE CITY,USA,1289,40.788,-111.978,3786
KSMF,SMF,SACRAMENTO INTERNATIONAL,SACRAMENTO,USA,9,38.695,-121.591,3787
KSNA,SNA,JOHN WAYNE ARPT ORANGE CO,SANTA ANA,USA,18,33.676,-117.868,3788
KSPB,SPB,SCAPPOOSE INDUSTRIAL AIRPARK,SAN LUIS,USA,18,45.773,-122.862,3789
KSPG,SPG,ALBERT WHITTED,ST. PETERSBURG,USA,3,27.765,-82.627,3790
KSPS,SPS,SHEPPARD AFB WICHITA FALLS MUNI,WICHITA FALLS,USA,311,33.989,-98.492,3791
KSSC,SSC,SHAW AFB,SUMTER,USA,74,33.973,-80.473,3792
KSSM,N/A,N/A,SAULT SAINTE MARIE,USA,0,0,0,3793
KSTL,STL,LAMBERT ST LOUIS INTERNATIONAL,ST. LOUIS,USA,185,38.748,-90.36,3794
KSUU,SUU,TRAVIS AFB,FAIRFIELD,USA,19,38.263,-121.927,3795
KSUX,SUX,SIOUX GATEWAY COL BUD DAY FLD,SIOUX CITY,USA,335,42.402,-96.384,3796
KSVN,SVN,HUNTER AAF,HUNTER AAF,USA,13,32.01,-81.146,3797
KSWA,N/A,N/A,SWAN ISLAND,USA,0,0,0,3798
KSWF,SWF,STEWART INTERNATIONAL,NEWBURGH,USA,150,41.504,-74.105,3799
KSYM,N/A,N/A,SMYRNA,USA,0,0,0,3800
KSYR,SYR,SYRACUSE HANCOCK INTERNATIONAL,SYRACUSE,USA,129,43.111,-76.106,3801
KSZL,SZL,WHITEMAN AFB,KNOBNOSTER,USA,266,38.73,-93.548,3802
KTBN,TBN,WAYNESVILLE RGNL ARPT AT FORNEY FLD,FORT LEONARDWOOD,USA,354,37.741,-92.141,3803
KTCC,TCC,TUCUMCARI MUNI,TUCUMCARI,USA,1240,35.183,-103.603,3804
KTCM,TCM,MC CHORD AFB,TACOMA,USA,99,47.138,-122.476,3805
KTCS,TCS,TRUTH OR CONSEQUENCES MUNI,TRUTH OR CONSEQUENCES,USA,1480,33.237,-107.272,3806
KTEB,TEB,TETERBORO,TETERBORO,USA,3,40.85,-74.061,3807
KTIK,TIK,TINKER AFB,OKLAHOMA CITY,USA,394,35.415,-97.386,3808
KTLH,TLH,TALLAHASSEE RGNL,TALLAHASSEE,USA,25,30.396,-84.35,3809
KTMB,TMB,KENDALL TAMIAMI EXECUTIVE,KENDALL-TAMIAMI,USA,3,25.648,-80.433,3810
KTNT,TNT,DADE COLLIER TRAINING AND TRANSITION,MIAMI,USA,4,25.862,-80.897,3811
KTNX,N/A,TONOPAH TEST RANGE,TONOPAH,USA,1692,37.794,-116.779,3812
KTPA,TPA,TAMPA INTERNATIONAL,TAMPA,USA,8,27.975,-82.533,3813
KTTN,TTN,TRENTON MERCER,TRENTON,USA,65,40.277,-74.813,3814
KTUL,TUL,TULSA INTERNATIONAL,TULSA,USA,207,36.198,-95.888,3815
KTUS,TUS,TUCSON INTERNATIONAL,TUCSON,USA,806,32.116,-110.941,3816
KTXK,TXK,TEXARKANA RGNL WEBB FLD,TEXARKANA,USA,119,33.454,-93.991,3817
KTYR,TYR,TYLER POUNDS RGNL,TYLER,USA,166,32.354,-95.402,3818
KTYS,TYS,MC GHEE TYSON,KNOXVILLE,USA,300,35.812,-83.993,3819
KUGN,UGN,WAUKEGAN RGNL,CHICAGO,USA,222,42.422,-87.868,3820
KVAD,VAD,MOODY AFB,VALDOSTA,USA,72,30.968,-83.193,3821
KVBG,VBG,VANDENBERG AFB,LOMPOC,USA,112,34.729,-120.577,3822
KVCV,VCV,SOUTHERN CALIFORNIA LOGISTICS,VICTORVILLE,USA,880,34.593,-117.379,3823
KVPS,VPS,EGLIN AFB,VALPARAISO,USA,27,30.483,-86.525,3824
KVRB,VRB,VERO BEACH MUNI,VERO BEACH,USA,8,27.656,-80.418,3825
KWAL,WAL,WALLOPS FLIGHT FACILITY,WALLOPS ISLAND,USA,13,37.94,-75.466,3826
KWRB,WRB,ROBINS AFB,MACON,USA,90,32.64,-83.592,3827
KWRI,WRI,MC GUIRE AFB,WRIGHTSTOWN,USA,41,40.016,-74.594,3828
KWSD,WSD,CONDRON AAF,WHITE SANDS,USA,1200,32.341,-106.403,3829
KWWD,WWD,CAPE MAY CO,WILDWOOD,USA,8,39.008,-74.908,3830
KYIP,YIP,WILLOW RUN,DETROIT,USA,219,42.238,-83.53,3831
KYNG,YNG,YOUNGSTOWN WARREN RGNL,YOUNGSTOWN,USA,365,41.261,-80.679,3832
KYUM,YUM,YUMA MCAS YUMA INTERNATIONAL,YUMA,USA,65,32.656,-114.606,3833
KZUN,ZUN,BLACK ROCK,ZUNI PUEBLO,USA,1968,35.083,-108.792,3834
PAAQ,PAQ,PALMER MUNI,PALMER,USA,76,61.595,-149.089,6566
PABA,BTI,BARTER ISLAND LRRS,BARTER ISLAND,USA,2,70.134,-143.577,6567
PABE,BET,BETHEL,BETHEL,USA,38,60.78,-161.838,6568
PABH,N/A,N/A,BETHEL,USA,0,0,0,6569
PABI,BIG,ALLEN AAF,DELTA JUNCTION,USA,390,63.994,-145.721,6570
PABK,N/A,N/A,FAIRBANKSA,USA,0,0,0,6571
PABM,N/A,BIG MOUNTAIN AFS,BIG MOUNTAIN,USA,203,59.362,-155.257,6572
PABR,BRW,WILEY POST WILL ROGERS MEM,BARROW,USA,14,71.285,-156.766,6573
PABT,BTT,BETTLES,BETTLES,USA,196,66.915,-151.528,6574
PACD,CDB,COLD BAY,COLD BAY,USA,30,55.206,-162.724,6575
PACL,N/A,CLEAR,CLEAR MEWS,USA,169,64.301,-149.12,6576
PACS,N/A,N/A,CAPE SARICHEF,USA,0,0,0,6577
PACV,CDV,MERLE K MUDHOLE SMITH,CORDOVA,USA,13,60.492,-145.477,6578
PACZ,N/A,CAPE ROMANZOF LRRS,CAPE ROMANZOF,USA,140,61.78,-166.039,6579
PADF,N/A,N/A,DRIFTWOOD BAY AFS,USA,0,0,0,6580
PADK,ADK,ADAK,ADAK ISLAND,USA,7,51.878,-176.646,6581
PADL,DLG,DILLINGHAM,DILLINGHAM,USA,27,59.045,-158.503,6582
PADQ,ADQ,KODIAK,KODIAK,USA,23,57.75,-152.494,6583
PADU,DUT,UNALASKA,UNALASKA,USA,7,53.9,-166.543,6584
PAED,EDF,ELMENDORF AFB,ANCHORAGE,USA,65,61.251,-149.806,6585
PAEH,EHM,CAPE NEWENHAM LRRS,CAPE NEWENHAM,USA,165,58.647,-162.061,6586
PAEI,EIL,EIELSON AFB,FAIRBANKS,USA,168,64.666,-147.101,6587
PAEN,ENA,KENAI MUNI,KENAI,USA,31,60.573,-151.245,6588
PAFA,FAI,FAIRBANKS INTERNATIONAL,FAIRBANKS,USA,133,64.815,-147.856,6589
PAFB,FBK,WAINWRIGHT AAF,FORT WAINWRIGHT,USA,139,64.837,-147.614,6590
PAFR,N/A,BRYANT AHP,FORT RICHARDSON,USA,116,61.266,-149.653,6591
PAFW,N/A,N/A,FAREWELL,USA,0,0,0,6592
PAGA,GAL,EDWARD G PITKA SR,GALENA,USA,47,64.736,-156.937,6593
PAGK,GKN,GULKANA,GULKANA,USA,482,62.155,-145.456,6594
PAGY,SGY,SKAGWAY,SKAGWAY,USA,14,59.46,-135.316,6595
PAHG,N/A,N/A,ANCHORAGE,USA,0,0,0,6596
PAHO,HOM,HOMER,HOMER,USA,26,59.646,-151.476,6597
PAIL,ILI,ILIAMNA,ILIAMNA,USA,57,59.754,-154.911,6598
PAIM,UTO,INDIAN MOUNTAIN LRRS,INDIAN MOUNTAINS,USA,372,65.993,-153.704,6599
PAJN,JNU,JUNEAU INTERNATIONAL,JUNEAU,USA,6,58.355,-134.576,6600
PAKA,N/A,N/A,SITKA,USA,0,0,0,6601
PAKN,AKN,KING SALMON,KING SALMON,USA,18,58.677,-156.649,6602
PAKT,KTN,KETCHIKAN INTERNATIONAL,KETCHIKAN,USA,30,55.356,-131.714,6603
PALU,LUR,CAPE LISBURNE LRRS,CAPE LISBURNE,USA,4,68.875,-166.11,6604
PAMC,MCG,MC GRATH,MCGRATH,USA,103,62.953,-155.606,6605
PAMD,N/A,MIDDLETON ISLAND,MIDDLETON ISLAND,USA,27,59.45,-146.309,6606
PAME,N/A,N/A,NOME,USA,0,0,0,6607
PAMR,MRI,MERRILL FLD,ANCHORAGE,USA,42,61.214,-149.846,6608
PANC,ANC,TED STEVENS ANCHORAGE INTERNATIONAL,ANCHORAGE,USA,47,61.174,-149.996,6609
PANT,ANN,ANNETTE ISLAND,ANNETTE ISLAND,USA,37,55.042,-131.572,6610
PAOM,OME,NOME,NOME,USA,12,64.512,-165.445,6611
PAOR,ORT,NORTHWAY,NORTHWAY,USA,524,62.961,-141.929,6612
PAOT,OTZ,RALPH WIEN MEM,KOTZEBUE,USA,4,66.884,-162.598,6613
PAPB,N/A,ST GEORGE,POINT BARROW,USA,39,56.578,-169.661,6614
PAPM,PML,PLATINUM,PORT MOLLER,USA,5,59.011,-161.819,6615
PASC,SCC,DEADHORSE,DEADHORSE,USA,19,70.195,-148.465,6616
PASI,SIT,SITKA ROCKY GUTIERREZ,SITKA,USA,8,57.047,-135.361,6617
PASN,SNP,ST PAUL ISLAND,ST. PAUL ISLAND,USA,20,57.167,-170.22,6618
PASV,SVW,SPARREVOHN LRRS,SPARREVOHN,USA,484,61.097,-155.574,6619
PASY,SYA,EARECKSON AS,SHEMYA,USA,30,52.712,174.114,6620
PATA,TAL,RALPH M CALHOUN,TANANA,USA,70,65.174,-152.109,6621
PATC,TNC,TIN CITY LRRS,TIN CITY,USA,83,65.563,-167.922,6622
PATK,TKA,TALKEETNA,TALKEETNA,USA,110,62.32,-150.094,6623
PATL,TLJ,TATALINA LRRS,TATALINA,USA,294,62.894,-155.976,6624
PAUN,UNK,UNALAKLEET,UNALAKLEET,USA,7,63.888,-160.799,6625
PAVD,VDZ,VALDEZ PIONEER FIELD,VALDEZ,USA,37,61.134,-146.248,6626
PAWT,AIN,WAINWRIGHT AS,FORT WAINWRIGHT,USA,11,70.613,-159.86,6628
PAWW,N/A,N/A,WILDWOOD,USA,0,0,0,6629
PAYA,YAK,YAKUTAT,YAKUTAT,USA,12,59.503,-139.66,6630
PBTI,N/A,N/A,BARTER ISLAND,USA,0,0,0,6632
PFYU,FYU,FORT YUKON,FORT YUKON,USA,132,66.571,-145.25,6634
PHBK,BKH,BARKING SANDS PMRF,BARKING SANDS,USA,5,22.022,-159.787,6645
PHDH,HDH,DILLINGHAM,DILLINGHAM,USA,5,21.579,-158.21,6646
PHEB,N/A,N/A,EWA BEACH,USA,0,0,0,6647
PHFF,N/A,N/A,SOLAR FLARE FRCST FAC,USA,0,0,0,6648
PHHI,N/A,WHEELER AAF,WHEELER AFB.,USA,256,21.483,-158.039,6649
PHHN,HNM,HANA,HANA,USA,24,20.796,-156.014,6650
PHIK,N/A,N/A,HICKAM AFB,USA,0,0,0,6651
PHJG,N/A,N/A,PEARL HARBOR,USA,0,0,0,6652
PHJH,JHM,KAPALUA,LAHANIA-KAPALUA,USA,79,20.963,-156.674,6653
PHKI,N/A,N/A,SOUTH KAUAI MET,USA,0,0,0,6654
PHKM,N/A,N/A,KAMUELA MET,USA,0,0,0,6655
PHKO,KOA,KONA INTERNATIONAL AT KEAHOLE,KONA,USA,15,19.739,-156.046,6656
PHKP,N/A,N/A,KAANAPALI,USA,0,0,0,6657
PHKU,N/A,N/A,KUNIA,USA,0,0,0,6658
PHLI,LIH,LIHUE,LIHUE,USA,47,21.976,-159.339,6659
PHMK,MKK,MOLOKAI,MOLOKAI,USA,139,21.153,-157.096,6660
PHMO,N/A,N/A,MOLOKAI MET,USA,0,0,0,6661
PHMU,MUE,WAIMEA KOHALA,KAMUELA,USA,815,20.001,-155.668,6662
PHNA,N/A,N/A,BARBERS POINT,USA,0,0,0,6663
PHNC,N/A,N/A,PEARL HARBOR,USA,0,0,0,6664
PHNF,N/A,N/A,HONOLULU,USA,0,0,0,6665
PHNG,NGF,KANEOHE BAY MCAF,KANEOHE BAY,USA,6,21.449,-157.768,6666
PHNL,HNL,HONOLULU INTERNATIONAL,HONOLULU,USA,4,21.316,-157.927,6667
PHNY,LNY,LANAI,LANAI,USA,399,20.786,-156.951,6668
PHOG,OGG,KAHULUI,KAHULUI,USA,17,20.899,-156.431,6669
PHSF,BSF,BRADSHAW AAF,BRADSHAW FIELD,USA,1887,19.76,-155.554,6670
PHTO,ITO,HILO INTERNATIONAL,HILO,USA,12,19.72,-155.049,6671
PHUP,UPP,UPOLU,OPOLU,USA,30,20.265,-155.86,6672
PHWA,N/A,N/A,SOUTH HAWAII MET,USA,0,0,0,6673
PHWR,N/A,N/A,HICKAM,USA,0,0,0,6674
PHZH,N/A,N/A,HONOLULU ARTCC,USA,0,0,0,6675
POLI,OLI,OLIKTOK LRRS,OLIKTOK POINT,USA,5,70.499,-149.879,6686
PPIZ,PIZ,POINT LAY LRRS,POINT LAY,USA,8,69.733,-163.005,6687